City_ID,City,Lat,Lng,Max Temp,Humidity,Cloudiness,Wind Speed,Country,Date
0,longyearbyen,78.2186,15.6401,3.91,75,75,11.83,SJ,2023-10-19
1,nuuk,64.1835,-51.7216,-3.66,58,75,11.32,GL,2023-10-19
2,port-aux-francais,-49.35,70.2167,1.32,78,95,10.33,TF,2023-10-19
3,novodvinsk,64.4165,40.8122,3.77,78,100,3.97,RU,2023-10-19
4,marks,51.7111,46.7486,7.87,61,97,3.73,RU,2023-10-19
5,port elizabeth,-33.918,25.5701,16.16,96,75,1.03,ZA,2023-10-19
6,lebu,-37.6167,-73.65,9.73,89,6,1.28,CL,2023-10-19
7,pechora,65.1472,57.2244,1.59,97,100,3.58,RU,2023-10-19
8,geraldton,-28.7667,114.6,24.23,53,100,4.63,AU,2023-10-19
9,gargalianoi,37.0667,21.6333,17.97,82,21,3.41,GR,2023-10-19
10,hamilton,39.1834,-84.5333,13.76,80,0,2.57,US,2023-10-19
11,kenai,60.5544,-151.2583,8.05,74,0,2.57,US,2023-10-19
12,grytviken,-54.2811,-36.5092,3.35,70,100,4.19,GS,2023-10-19
13,puerto ayora,-0.7393,-90.3518,24.19,96,73,1.34,EC,2023-10-19
14,nagqu,31.5,92.0,-4.77,84,100,1.2,CN,2023-10-19
15,san matias,-16.3667,-58.4,29.8,37,9,1.07,BO,2023-10-19
16,lazaro cardenas,17.9583,-102.2,23.52,94,100,3.47,MX,2023-10-19
17,kununurra,-15.7667,128.7333,36.99,11,0,4.63,AU,2023-10-19
18,saint-leu,-21.15,55.2833,24.48,96,59,1.97,RE,2023-10-19
19,tandil,-37.3217,-59.1332,10.94,43,100,3.56,AR,2023-10-19
20,constitucion,-35.3333,-72.4167,9.95,84,0,3.52,CL,2023-10-19
21,alaghsas,17.0187,8.0168,27.04,18,42,3.53,NE,2023-10-19
22,missoula,47.0166,-113.8009,9.2,71,13,2.05,US,2023-10-19
23,utrik,11.2278,169.8474,28.32,71,86,7.88,MH,2023-10-19
24,invercargill,-46.4,168.35,15.57,70,98,7.6,NZ,2023-10-19
25,arraial do cabo,-22.9661,-42.0278,21.92,83,75,2.57,BR,2023-10-19
26,greymouth,-42.4667,171.2,12.99,68,55,3.26,NZ,2023-10-19
27,trujillo,-8.116,-79.03,18.98,88,75,5.14,PE,2023-10-19
28,puerto natales,-51.7236,-72.4875,6.56,93,100,1.85,CL,2023-10-19
29,mizque,-17.941,-65.3402,18.6,71,5,1.53,BO,2023-10-19
30,crane,31.3974,-102.3501,23.6,29,0,6.65,US,2023-10-19
31,walvis bay,-22.9575,14.5053,15.61,82,14,3.6,NA,2023-10-19
32,progreso,21.2833,-89.6667,26.06,66,42,6.34,MX,2023-10-19
33,port alfred,-33.5906,26.891,16.21,97,6,2.42,ZA,2023-10-19
34,west island,-12.1568,96.8225,26.99,78,40,6.17,CC,2023-10-19
35,saint-philippe,-21.3585,55.7679,24.77,88,58,2.45,RE,2023-10-19
36,iqaluit,63.7506,-68.5145,-1.15,100,100,3.6,CA,2023-10-19
37,udachny,66.4167,112.4,-10.86,85,100,2.06,RU,2023-10-19
38,bredasdorp,-34.5322,20.0403,15.12,93,4,5.61,ZA,2023-10-19
39,waitangi,-43.9535,-176.5597,12.68,80,99,4.92,NZ,2023-10-19
40,edinburgh of the seven seas,-37.0676,-12.3116,13.82,93,76,9.18,SH,2023-10-19
41,pruzhany,52.5567,24.4644,3.93,90,99,1.73,BY,2023-10-19
42,tiksi,71.6872,128.8694,-5.7,97,100,2.89,RU,2023-10-19
43,tazovsky,67.4667,78.7,4.03,96,100,4.7,RU,2023-10-19
44,ushuaia,-54.8,-68.3,12.81,93,0,4.47,AR,2023-10-19
45,tolanaro,-25.0319,46.9987,24.04,94,75,3.09,MG,2023-10-19
46,umm kaddadah,13.6017,26.6876,25.54,18,95,7.18,SD,2023-10-19
47,praya,14.9215,-23.5087,26.94,77,35,4.54,CV,2023-10-19
48,dudinka,69.4058,86.1778,4.79,99,100,7.6,RU,2023-10-19
49,dhidhdhoo,6.8833,73.1,27.48,78,45,3.47,MV,2023-10-19
50,kargil,34.5667,76.1,1.4,54,26,0.64,IN,2023-10-19
51,albany,42.6001,-73.9662,11.24,90,79,0.97,US,2023-10-19
52,anadyr,64.75,177.4833,-5.72,67,0,6.71,RU,2023-10-19
53,urangan,-25.3,152.9,22.09,54,21,7.89,AU,2023-10-19
54,puerto gaitan,4.3133,-72.0816,27.98,69,23,0.74,CO,2023-10-19
55,kapit,2.0167,112.9333,23.29,99,100,0.49,MY,2023-10-19
56,keflavik,64.0049,-22.5624,10.24,81,100,19.55,IS,2023-10-19
57,jamestown,42.097,-79.2353,9.84,75,0,2.24,US,2023-10-19
58,karratha,-20.7377,116.8463,35.89,15,0,2.82,AU,2023-10-19
59,blackmans bay,-43.0167,147.3167,20.85,60,100,1.34,AU,2023-10-19
60,kushk,33.2957,61.9522,15.95,36,0,1.21,AF,2023-10-19
61,petropavlovsk-kamchatsky,53.0452,158.6483,13.33,88,0,6.0,RU,2023-10-19
62,talnakh,69.4865,88.3972,4.56,99,100,5.54,RU,2023-10-19
63,margaret river,-33.95,115.0667,16.29,55,94,3.36,AU,2023-10-19
64,mbandaka,0.0487,18.2603,22.07,98,100,1.25,CD,2023-10-19
65,adamstown,-25.066,-130.1015,22.67,75,17,0.5,PN,2023-10-19
66,hammerfest,70.6634,23.6821,-0.75,93,75,4.63,NO,2023-10-19
67,zhezqazghan,47.7833,67.7667,2.32,80,0,5.0,KZ,2023-10-19
68,ribeira grande,38.5167,-28.7,19.32,84,31,4.47,PT,2023-10-19
69,mahgawan,26.5,78.6042,23.34,52,2,1.59,IN,2023-10-19
70,lihue,21.9789,-159.3672,30.58,63,0,4.63,US,2023-10-19
71,salisbury,51.0693,-1.7957,16.47,95,100,5.14,GB,2023-10-19
72,iskateley,67.6803,53.1512,1.12,89,100,4.02,RU,2023-10-19
73,vila franca do campo,37.7167,-25.4333,20.23,90,87,6.92,PT,2023-10-19
74,wailua homesteads,22.0669,-159.378,30.24,64,0,4.63,US,2023-10-19
75,gadzhiyevo,69.2551,33.3362,1.52,62,100,8.65,RU,2023-10-19
76,nemuro,43.3236,145.575,15.27,82,100,8.69,JP,2023-10-19
77,arkhangel'sk,64.5401,40.5433,3.96,78,100,4.39,RU,2023-10-19
78,phatthalung,7.5,100.0833,28.17,74,98,1.65,TH,2023-10-19
79,hermanus,-34.4187,19.2345,16.18,85,37,7.9,ZA,2023-10-19
80,whitehorse,60.7161,-135.0538,8.43,85,75,6.17,CA,2023-10-19
81,port lincoln,-34.7333,135.8667,24.93,34,87,0.8,AU,2023-10-19
82,lichinga,-13.3128,35.2406,20.05,73,0,5.66,MZ,2023-10-19
83,saipan,15.1355,145.701,31.39,70,20,7.2,MP,2023-10-19
84,chimbote,-9.0853,-78.5783,19.41,88,48,3.71,PE,2023-10-19
85,nsanje,-16.92,35.262,22.38,88,51,0.94,MW,2023-10-19
86,kavaratti,10.5669,72.642,28.0,72,100,1.9,IN,2023-10-19
87,nar'yan-mar,67.6713,53.087,1.17,89,100,4.02,RU,2023-10-19
88,la passe,45.5549,-0.8967,18.13,72,97,9.66,FR,2023-10-19
89,cole harbour,44.6724,-63.4751,10.71,91,6,3.09,CA,2023-10-19
90,hwange,-18.3693,26.5019,22.29,51,3,3.09,ZW,2023-10-19
91,haiku-pauwela,20.9219,-156.3051,28.01,66,40,9.77,US,2023-10-19
92,saint-pierre,-21.3393,55.4781,24.82,73,100,0.0,RE,2023-10-19
93,artesia,33.8658,-118.0831,28.71,86,0,3.09,US,2023-10-19
94,bethel,41.3712,-73.414,14.2,83,100,2.06,US,2023-10-19
95,al kharijah,25.4514,30.5464,20.75,47,36,3.44,EG,2023-10-19
96,fort mcmurray,56.7268,-111.381,12.77,71,75,3.09,CA,2023-10-19
97,ust-nera,64.5667,143.2,-12.66,77,100,0.45,RU,2023-10-19
98,uniontown,39.9001,-79.7164,8.73,72,12,0.45,US,2023-10-19
99,paita,-5.0892,-81.1144,20.49,83,31,6.87,PE,2023-10-19
100,palikir - national government center,6.9248,158.1611,33.41,62,75,2.57,FM,2023-10-19
101,puerto baquerizo moreno,-0.9,-89.6,23.7,88,100,4.23,EC,2023-10-19
102,beatrice,40.2681,-96.747,14.05,67,100,2.06,US,2023-10-19
103,youghal,51.95,-7.8506,13.56,100,99,3.02,IE,2023-10-19
104,nurabad,34.0734,47.9725,10.31,45,25,1.85,IR,2023-10-19
105,kingston,17.997,-76.7936,29.53,85,20,3.09,JM,2023-10-19
106,auki,-8.7676,160.7034,28.38,77,100,1.16,SB,2023-10-19
107,abong mbang,3.9833,13.1833,19.51,99,100,0.32,CM,2023-10-19
108,khandud,36.9513,72.318,-0.13,76,35,0.63,AF,2023-10-19
109,baruun-urt,46.6806,113.2792,1.68,46,16,7.54,MN,2023-10-19
110,yuzhno-kurilsk,44.0306,145.8556,14.1,58,100,7.13,RU,2023-10-19
111,saudarkrokur,65.7461,-19.6394,3.98,82,46,4.02,IS,2023-10-19
112,usogorsk,63.4106,48.6872,3.15,87,100,4.96,RU,2023-10-19
113,isafjordur,66.0755,-23.124,7.06,77,100,4.17,IS,2023-10-19
114,codrington,-38.2667,141.9667,25.31,30,95,3.83,AU,2023-10-19
115,montmagny,48.9734,2.3469,16.64,88,100,5.66,FR,2023-10-19
116,humboldt,40.6665,-123.9178,9.51,76,7,0.81,US,2023-10-19
117,olonkinbyen,70.9221,-8.7187,3.67,88,100,10.21,SJ,2023-10-19
118,zhenzhou,32.2692,119.1789,23.83,54,40,2.54,CN,2023-10-19
119,avarua,-21.2078,-159.775,24.03,64,75,4.12,CK,2023-10-19
120,georgetown,5.4112,100.3354,28.97,79,20,2.57,MY,2023-10-19
121,qaqortoq,60.7167,-46.0333,-1.39,58,52,2.12,GL,2023-10-19
122,port mathurin,-19.6833,63.4167,23.7,81,97,5.33,MU,2023-10-19
123,zouerate,22.7187,-12.4521,28.26,25,0,3.14,MR,2023-10-19
124,nejdek,50.3224,12.7294,7.01,100,75,1.54,CZ,2023-10-19
125,pandan,14.0453,124.1694,29.0,75,99,3.09,PH,2023-10-19
126,kon tum,14.35,108.0,26.05,76,100,0.86,VN,2023-10-19
127,araguaina,-7.1911,-48.2072,25.5,26,43,1.49,BR,2023-10-19
128,yellowknife,62.456,-114.3525,6.9,100,100,4.12,CA,2023-10-19
129,babu,24.4167,111.5167,23.0,96,100,1.02,CN,2023-10-19
130,cidreira,-30.1811,-50.2056,16.97,75,92,5.03,BR,2023-10-19
131,coquimbo,-29.9533,-71.3436,13.85,76,0,2.57,CL,2023-10-19
132,sur,22.5667,59.5289,26.82,76,0,4.4,OM,2023-10-19
133,kawambwa,-9.7915,29.0791,19.1,83,100,0.66,ZM,2023-10-19
134,polyarnyy,69.1989,33.4478,1.64,63,100,8.63,RU,2023-10-19
135,college,64.8569,-147.8028,-2.03,77,75,2.57,US,2023-10-19
136,vorgashor,67.5833,63.95,0.41,80,100,6.26,RU,2023-10-19
137,mount gambier,-37.8333,140.7667,25.96,25,72,3.02,AU,2023-10-19
138,itaituba,-4.2761,-55.9836,26.05,75,46,0.87,BR,2023-10-19
139,chonchi,-42.6128,-73.8092,9.56,95,59,1.42,CL,2023-10-19
140,neryungri,56.6709,124.6491,-5.42,82,85,6.41,RU,2023-10-19
141,bilibino,68.0546,166.4372,-17.8,96,76,1.02,RU,2023-10-19
142,stanley,54.868,-1.6985,10.4,93,100,9.2,GB,2023-10-19
143,lagoa,39.05,-27.9833,19.31,74,7,11.41,PT,2023-10-19
144,victorica,-36.2151,-65.4359,9.22,78,100,5.23,AR,2023-10-19
145,howard springs,-12.497,131.047,34.95,24,4,1.72,AU,2023-10-19
146,vilyuysk,63.7553,121.6247,-7.78,87,77,4.02,RU,2023-10-19
147,portland,45.5234,-122.6762,18.45,77,0,1.54,US,2023-10-19
148,happy valley-goose bay,53.3168,-60.3315,0.17,86,20,2.06,CA,2023-10-19
149,vadso,70.0744,29.7487,0.49,86,86,7.72,NO,2023-10-19
150,tralee,52.2704,-9.7026,12.0,95,100,2.82,IE,2023-10-19
151,egilsstadir,65.2653,-14.3948,7.95,71,100,2.57,IS,2023-10-19
152,turpan,42.9333,89.1667,15.77,24,0,1.14,CN,2023-10-19
153,papatowai,-46.5619,169.4708,16.88,49,77,6.34,NZ,2023-10-19
154,cuamba,-14.8031,36.5372,20.84,82,100,0.47,MZ,2023-10-19
155,alice springs,-23.7,133.8833,31.75,7,0,2.57,AU,2023-10-19
156,taoudenni,22.6783,-3.9836,30.65,14,51,2.37,ML,2023-10-19
157,kone,-21.0595,164.8658,25.34,48,51,4.11,NC,2023-10-19
158,uliastay,47.7417,96.8444,3.84,54,0,0.85,MN,2023-10-19
159,evergreen,39.6333,-105.3172,13.71,42,44,0.45,US,2023-10-19
160,hacibektas,38.9408,34.5577,7.77,87,75,1.03,TR,2023-10-19
161,san patricio,28.017,-97.5169,24.91,65,0,4.03,US,2023-10-19
162,aasiaat,68.7098,-52.8699,-14.16,84,89,1.1,GL,2023-10-19
163,salalah,17.0151,54.0924,25.05,78,0,1.03,OM,2023-10-19
164,uturoa,-16.7333,-151.4333,26.37,78,76,4.33,PF,2023-10-19
165,mednogorsk,51.4128,57.595,0.5,73,0,2.6,RU,2023-10-19
166,tura,25.5198,90.2201,23.37,77,0,0.52,IN,2023-10-19
167,darlington,54.5243,-1.5504,11.94,84,100,8.75,GB,2023-10-19
168,wau,7.7029,27.9953,22.85,85,66,1.07,SS,2023-10-19
169,ipira,-12.1583,-39.7372,20.25,79,100,4.35,BR,2023-10-19
170,tsiombe,-25.3,45.4833,20.86,93,100,2.34,MG,2023-10-19
171,kolonia town,6.964,158.206,34.0,62,75,2.57,FM,2023-10-19
172,hadibu,12.65,54.0333,27.36,79,2,1.92,YE,2023-10-19
173,lycksele,64.5954,18.6735,-6.07,93,7,3.09,SE,2023-10-19
174,zhytkavichy,52.2168,27.8561,3.25,90,82,2.51,BY,2023-10-19
175,wenxing,28.6667,112.8833,24.16,54,63,4.29,CN,2023-10-19
176,hawaiian paradise park,19.5933,-154.9731,28.18,74,75,2.57,US,2023-10-19
177,vilyuchinsk,52.9306,158.4028,14.15,66,30,5.56,RU,2023-10-19
178,yamba,-5.9,22.3,21.19,93,100,0.25,CD,2023-10-19
179,kirensk,57.7853,108.1119,0.57,95,100,0.89,RU,2023-10-19
180,aldama,22.9167,-98.0667,23.77,71,100,0.97,MX,2023-10-19
181,hassi messaoud,31.6804,6.0729,18.92,26,0,1.54,DZ,2023-10-19
182,maintirano,-18.0667,44.0167,24.82,79,20,2.28,MG,2023-10-19
183,albacete,38.8333,-2.0,15.45,72,0,5.14,ES,2023-10-19
184,kristiansund,63.1115,7.732,4.36,52,0,5.14,NO,2023-10-19
185,kargasok,59.0556,80.8572,8.87,91,22,4.02,RU,2023-10-19
186,enewetak,11.3474,162.3373,28.93,76,85,8.81,MH,2023-10-19
187,yambio,4.5721,28.3955,19.76,97,100,0.73,SS,2023-10-19
188,birobidzhan,48.8,132.95,7.12,55,98,5.21,RU,2023-10-19
189,kodiak,57.79,-152.4072,8.73,43,0,11.32,US,2023-10-19
190,touros,-5.1989,-35.4608,25.04,76,39,5.25,BR,2023-10-19
191,isangel,-19.55,169.2667,24.06,88,100,3.09,VU,2023-10-19
192,frontera,26.9333,-101.45,24.94,42,59,0.89,MX,2023-10-19
193,nova vicosa,-17.8919,-39.3719,23.74,79,5,3.02,BR,2023-10-19
194,yaren,-0.5472,166.916,27.45,76,100,7.15,NR,2023-10-19
195,san luis de la loma,17.2706,-100.8939,23.8,93,100,2.37,MX,2023-10-19
196,mejit,10.2753,170.8646,28.04,74,99,8.45,MH,2023-10-19
197,qarchi gak,37.04,66.7889,16.13,48,0,1.64,AF,2023-10-19
198,rio claro,-22.4114,-47.5614,19.38,78,35,5.42,BR,2023-10-19
199,el bolson,-41.9667,-71.5167,9.94,89,0,2.77,AR,2023-10-19
200,bundaberg,-24.85,152.35,26.23,51,35,2.68,AU,2023-10-19
201,long beach,33.767,-118.1892,26.21,88,0,3.6,US,2023-10-19
202,hithadhoo,-0.6,73.0833,26.94,78,84,3.77,MV,2023-10-19
203,gobabis,-22.45,18.9667,18.05,27,0,5.13,NA,2023-10-19
204,nabire,-3.3667,135.4833,30.5,64,63,2.27,ID,2023-10-19
205,nova sintra,14.8667,-24.7167,24.83,71,67,3.13,CV,2023-10-19
206,letterkenny,54.95,-7.7333,11.0,92,100,6.34,IE,2023-10-19
207,marolambo,-20.05,48.1167,19.51,98,100,0.73,MG,2023-10-19
208,general villegas,-35.0328,-63.0125,10.9,73,100,2.08,AR,2023-10-19
209,sukumo,32.9333,132.7333,24.03,49,0,2.23,JP,2023-10-19
210,visakhapatnam,17.69,83.2093,27.94,83,40,1.54,IN,2023-10-19
211,neiafu,-18.65,-173.9833,24.1,62,7,7.78,TO,2023-10-19
212,sake,-1.5736,29.045,16.93,93,100,0.21,CD,2023-10-19
213,dryden,49.7833,-92.7503,10.16,100,100,1.54,CA,2023-10-19
214,abepura,-2.6333,140.5833,33.45,49,20,4.63,ID,2023-10-19
215,ponta delgada,37.7333,-25.6667,20.4,73,40,4.12,PT,2023-10-19
216,mount isa,-20.7333,139.5,34.87,9,0,3.09,AU,2023-10-19
217,el paso,31.8001,-106.2005,28.4,15,0,2.57,US,2023-10-19
218,chiang klang,19.2938,100.8617,28.67,69,8,0.94,TH,2023-10-19
219,tangalle,6.024,80.7911,25.09,93,100,1.89,LK,2023-10-19
220,hecun,36.5333,114.1111,20.06,34,100,2.09,CN,2023-10-19
221,thompson,55.7435,-97.8558,-1.91,93,0,0.0,CA,2023-10-19
222,fale old settlement,-9.3852,-171.2468,28.56,71,16,3.18,TK,2023-10-19
223,grebenskaya,43.5317,46.3733,12.14,74,100,1.74,RU,2023-10-19
224,morahalom,46.2181,19.8851,10.87,65,100,3.86,HU,2023-10-19
225,burang,30.25,81.1667,-1.62,45,0,1.52,CN,2023-10-19
226,san juan de miraflores,-12.1629,-76.9635,20.09,81,93,3.84,PE,2023-10-19
227,lincoln city,44.9582,-124.0179,16.09,85,12,2.23,US,2023-10-19
228,diego de almagro,-26.3667,-70.05,18.44,26,0,0.77,CL,2023-10-19
229,bamboo flat,11.7,92.7167,28.05,83,75,2.57,IN,2023-10-19
230,klyuchi,52.2667,79.1667,7.55,50,32,3.56,RU,2023-10-19
231,afaahiti,-17.75,-149.2833,24.93,80,81,7.44,PF,2023-10-19
232,nema,57.5067,50.5011,1.01,92,77,4.71,RU,2023-10-19
233,flying fish cove,-10.4217,105.6791,27.82,74,75,7.2,CX,2023-10-19
234,kyzylorda,44.8528,65.5092,7.01,61,0,4.0,KZ,2023-10-19
235,kutum,14.2,24.6667,19.89,23,100,3.53,SD,2023-10-19
236,carauari,-4.8828,-66.8958,23.66,92,100,1.62,BR,2023-10-19
237,gubkinskiy,64.434,76.5026,6.12,96,100,5.47,RU,2023-10-19
238,jiayuguan,39.8167,98.3,8.34,23,0,2.68,CN,2023-10-19
239,tual,-5.6667,132.75,26.74,82,20,6.1,ID,2023-10-19
240,uusikaupunki,60.8004,21.4084,0.72,78,9,4.49,FI,2023-10-19
241,ochota,52.2122,20.9726,4.91,79,87,1.03,PL,2023-10-19
242,pariaman,-0.619,100.12,27.03,80,100,0.72,ID,2023-10-19
243,talakan,50.3167,130.3667,2.62,80,100,4.57,RU,2023-10-19
244,castlegar,49.2998,-117.6689,11.27,78,15,0.53,CA,2023-10-19
245,vallenar,-28.5708,-70.7581,19.32,36,4,0.45,CL,2023-10-19
246,wotho,10.1657,166.0102,28.41,73,46,4.95,MH,2023-10-19
247,sao jose da coroa grande,-8.8978,-35.1478,24.0,81,46,3.59,BR,2023-10-19
248,arvayheer,46.2639,102.775,3.41,48,4,2.14,MN,2023-10-19
249,island harbour,50.724,-1.2758,17.18,92,69,4.02,GB,2023-10-19
250,carnarvon,-24.8667,113.6333,27.53,44,100,7.43,AU,2023-10-19
251,taro,-8.3862,115.28,25.0,42,42,1.88,ID,2023-10-19
252,sitka,57.0531,-135.33,12.94,76,100,10.29,US,2023-10-19
253,palos verdes estates,33.8006,-118.3901,25.82,90,20,3.6,US,2023-10-19
254,kamar mushani,32.8439,71.3669,22.27,53,1,0.5,PK,2023-10-19
255,punta arenas,-53.15,-70.9167,12.06,58,0,8.23,CL,2023-10-19
256,prado,-17.3411,-39.2208,23.94,78,9,3.87,BR,2023-10-19
257,gunjur,13.2019,-16.7339,28.26,79,99,3.94,GM,2023-10-19
258,mount pearl,47.5166,-52.7813,7.4,90,100,4.12,CA,2023-10-19
259,julio de castilhos,-29.2269,-53.6817,12.04,89,100,7.1,BR,2023-10-19
260,naze,28.3667,129.4833,24.51,51,0,1.27,JP,2023-10-19
261,toba,34.4833,136.85,21.0,73,100,2.24,JP,2023-10-19
262,saldanha,-33.0117,17.9442,19.03,79,35,3.42,ZA,2023-10-19
263,ghat,24.9647,10.1728,26.43,20,23,3.64,LY,2023-10-19
264,prince rupert,54.3161,-130.3201,12.83,84,100,10.8,CA,2023-10-19
265,atafu village,-8.5421,-172.5159,28.76,72,26,3.51,TK,2023-10-19
266,tuy hoa,13.0833,109.3,28.76,74,95,1.39,VN,2023-10-19
267,kincardine,56.0667,-3.7167,12.53,82,100,9.06,GB,2023-10-19
268,forster,-32.1667,152.5167,21.27,57,7,4.11,AU,2023-10-19
269,kathmandu,27.7167,85.3167,16.12,86,20,1.03,NP,2023-10-19
270,opuwo,-18.0607,13.84,18.69,26,8,2.55,NA,2023-10-19
271,santana,-0.0583,-51.1817,27.1,89,75,3.6,BR,2023-10-19
272,nueva gerona,21.8833,-82.8,26.8,64,100,8.14,CU,2023-10-19
273,sterling,39.0062,-77.4286,12.72,84,20,0.45,US,2023-10-19
274,ancud,-41.8697,-73.8203,9.96,83,100,4.01,CL,2023-10-19
275,mitake,35.4167,137.1333,21.46,48,95,1.07,JP,2023-10-19
276,vila velha,-20.3297,-40.2925,22.97,83,75,5.14,BR,2023-10-19
277,fort st. john,56.2499,-120.8529,12.94,54,20,6.17,CA,2023-10-19
278,sisimiut,66.9395,-53.6735,-4.96,79,99,6.13,GL,2023-10-19
279,port saint john's,-31.6229,29.5448,17.91,81,44,3.16,ZA,2023-10-19
280,kristianstad,56.0313,14.1524,6.27,82,40,4.12,SE,2023-10-19
281,huarmey,-10.0681,-78.1522,20.23,86,96,3.97,PE,2023-10-19
282,rio gallegos,-51.6226,-69.2181,11.03,54,0,4.12,AR,2023-10-19
283,partizanske,48.6286,18.3846,10.81,60,91,3.99,SK,2023-10-19
284,badger,64.8,-147.5333,-2.07,77,100,2.57,US,2023-10-19
285,almodovar,37.4959,-8.0937,19.71,87,100,7.43,PT,2023-10-19
286,capao bonito,-24.0058,-48.3494,14.17,96,100,2.61,BR,2023-10-19
287,caianu mic,47.2333,24.15,3.89,66,100,1.57,RO,2023-10-19
288,hancheng,32.5186,112.3522,15.3,76,100,4.63,CN,2023-10-19
289,mankato,44.1636,-93.9994,12.6,34,42,3.17,US,2023-10-19
290,saint-francois,46.4154,3.9054,14.25,95,0,1.03,FR,2023-10-19
291,yarkovo,57.4028,67.0786,3.0,71,1,4.97,RU,2023-10-19
292,nizhniy ingash,56.2,96.53,6.63,89,18,1.72,RU,2023-10-19
293,hailar,49.2,119.7,3.05,43,47,5.8,CN,2023-10-19
294,hurricane,37.1753,-113.2899,26.26,21,0,4.29,US,2023-10-19
295,mar del plata,-38.0023,-57.5575,12.19,70,0,2.06,AR,2023-10-19
296,balykchy,42.4557,76.1861,10.12,57,42,0.7,KG,2023-10-19
297,fisterra,42.9049,-9.2629,18.9,85,100,11.28,ES,2023-10-19
298,coyhaique,-45.5752,-72.0662,13.34,50,75,0.0,CL,2023-10-19
299,chibougamau,49.9168,-74.3659,6.79,76,100,3.6,CA,2023-10-19
300,ocumare del tuy,10.1165,-66.7761,23.44,95,69,0.87,VE,2023-10-19
301,sal rei,16.1833,-22.9167,27.45,71,2,5.95,CV,2023-10-19
302,ilulissat,69.2167,-51.1,-7.99,73,75,2.57,GL,2023-10-19
303,beyneu,45.3167,55.2,11.11,42,100,5.57,KZ,2023-10-19
304,waddan,29.1614,16.139,22.75,24,0,3.33,LY,2023-10-19
305,xining,36.6167,101.7667,3.93,49,14,1.61,CN,2023-10-19
306,boende,-0.2167,20.8667,21.51,99,100,1.71,CD,2023-10-19
307,patterson,37.4716,-121.1297,27.66,60,0,2.19,US,2023-10-19
308,berezovyy,51.6667,135.7,8.23,52,92,1.9,RU,2023-10-19
309,masaka,-0.3338,31.7341,17.98,92,98,1.9,UG,2023-10-19
310,cefalu,38.0386,14.0229,25.42,41,5,1.34,IT,2023-10-19
311,choibalsan,48.0667,114.5,2.89,46,16,7.9,MN,2023-10-19
312,palopo,-2.9996,120.1921,29.33,66,89,1.86,ID,2023-10-19
313,peace river,56.2501,-117.286,14.17,50,20,4.63,CA,2023-10-19
314,sao gabriel da cachoeira,-0.1303,-67.0892,25.51,84,76,0.47,BR,2023-10-19
315,reggane,26.7158,0.1714,27.55,19,0,2.24,DZ,2023-10-19
316,kailua-kona,19.6406,-155.9956,27.98,81,40,4.63,US,2023-10-19
317,reo,12.3167,-2.4667,28.59,45,15,2.07,BF,2023-10-19
318,smithers,54.7804,-127.1743,11.18,66,40,3.09,CA,2023-10-19
319,mlowo,-9.0,32.9833,19.62,67,100,1.54,TZ,2023-10-19
320,mayna,54.1135,47.6231,3.82,86,100,5.1,RU,2023-10-19
321,inirida,3.8653,-67.9239,25.22,85,52,0.84,CO,2023-10-19
322,revda,56.801,59.9303,2.49,77,99,6.04,RU,2023-10-19
323,tuma,55.148,40.5537,4.43,91,100,2.89,RU,2023-10-19
324,cooper's town,26.8667,-77.5167,25.82,54,100,6.4,BS,2023-10-19
325,kartaly,53.0522,60.6467,1.36,76,0,5.46,RU,2023-10-19
326,lamu,-2.2717,40.902,25.12,88,100,3.45,KE,2023-10-19
327,cannonvale,-20.2833,148.7,24.66,59,84,7.04,AU,2023-10-19
328,st. john's,47.5649,-52.7093,7.86,90,100,4.12,CA,2023-10-19
329,santarem,-2.4431,-54.7083,25.07,94,0,1.54,BR,2023-10-19
330,la'ie,21.6477,-157.9253,30.98,67,77,1.79,US,2023-10-19
331,remire-montjoly,4.9167,-52.2667,24.02,100,0,0.0,GF,2023-10-19
332,juegang,32.3174,121.1855,22.26,62,6,1.56,CN,2023-10-19
333,sabang,5.8933,95.3214,27.39,75,100,0.61,ID,2023-10-19
334,wloszczowa,50.8526,19.9659,5.22,69,100,2.75,PL,2023-10-19
335,chui,-33.6971,-53.4616,11.28,87,2,2.71,UY,2023-10-19
336,ciudad insurgentes,25.2625,-111.7753,27.84,50,0,5.22,MX,2023-10-19
337,hirara,24.8,125.2833,29.92,61,40,4.63,JP,2023-10-19
338,ketchikan,55.3422,-131.6461,12.26,94,100,7.2,US,2023-10-19
339,kitale,1.0157,35.0062,13.63,94,100,0.64,KE,2023-10-19
340,moose jaw,50.4001,-105.5344,12.15,50,75,7.2,CA,2023-10-19
341,milazzo,38.2212,15.2383,23.21,54,16,0.45,IT,2023-10-19
342,lorengau,-2.0226,147.2712,29.41,69,11,0.89,PG,2023-10-19
343,edson,53.5835,-116.4356,14.08,44,0,4.12,CA,2023-10-19
344,pedregal,8.3667,-82.4333,27.33,93,20,2.24,PA,2023-10-19
345,wewak,-3.5534,143.6268,28.89,73,26,2.31,PG,2023-10-19
346,omutinskiy,56.4745,67.6709,2.92,74,0,5.56,RU,2023-10-19
347,viedma,-40.8135,-62.9967,15.19,30,100,6.14,AR,2023-10-19
348,rio grande,-32.035,-52.0986,14.97,72,7,6.22,BR,2023-10-19
349,morant bay,17.8815,-76.4093,29.79,83,100,3.18,JM,2023-10-19
350,quatre cocos,-20.2078,57.7625,24.06,87,95,2.37,MU,2023-10-19
351,praia,14.9215,-23.5087,26.94,77,35,4.54,CV,2023-10-19
352,selfoss,63.9331,-20.9971,9.47,75,100,12.46,IS,2023-10-19
353,minas de marcona,-15.2119,-75.1103,16.7,79,80,2.88,PE,2023-10-19
354,ballycastle,55.2044,-6.243,11.47,85,100,11.36,GB,2023-10-19
355,den burg,53.0542,4.7972,11.11,94,75,6.69,NL,2023-10-19
356,ankang,32.68,109.0172,12.72,94,100,1.51,CN,2023-10-19
357,sarikei,2.1167,111.5167,25.61,97,100,0.54,MY,2023-10-19
358,baharly,38.4362,57.4316,17.52,60,0,2.99,TM,2023-10-19
359,tyup,42.7276,78.3648,9.16,54,25,1.83,KG,2023-10-19
360,ishigaki,24.3448,124.1572,29.07,61,20,3.6,JP,2023-10-19
361,guerrero negro,27.9769,-114.0611,21.1,76,7,5.68,MX,2023-10-19
362,padang,-0.9492,100.3543,27.03,73,99,1.13,ID,2023-10-19
363,surovikino,48.6078,42.8486,5.55,60,42,2.02,RU,2023-10-19
364,picayune,30.5255,-89.6795,18.77,82,0,2.12,US,2023-10-19
365,mizdah,31.4451,12.9801,21.07,20,3,1.79,LY,2023-10-19
366,saguenay,48.4168,-71.0657,10.46,71,100,3.6,CA,2023-10-19
367,howick,-29.4779,30.2306,12.34,96,30,0.78,ZA,2023-10-19
368,bandarbeyla,9.4942,50.8122,26.8,78,14,1.56,SO,2023-10-19
369,kerikeri,-35.2268,173.9474,17.11,82,100,3.88,NZ,2023-10-19
370,sokur,55.2093,83.319,7.1,75,4,3.8,RU,2023-10-19
371,shimoda,34.6667,138.95,25.2,64,99,6.11,JP,2023-10-19
372,san antonio de pale,-1.4014,5.6325,26.03,86,100,5.97,GQ,2023-10-19
373,center,31.5107,-96.4247,21.18,55,0,1.54,US,2023-10-19
374,new norfolk,-42.7826,147.0587,21.51,26,100,1.72,AU,2023-10-19
375,new kingman-butler,35.265,-114.0323,27.72,13,0,3.09,US,2023-10-19
376,sittwe,20.15,92.9,25.95,78,61,2.14,MM,2023-10-19
377,kapa'a,22.0752,-159.319,30.99,64,0,4.63,US,2023-10-19
378,mariental,-24.6333,17.9667,20.89,21,0,4.81,NA,2023-10-19
379,sayre,41.979,-76.5155,10.09,92,97,1.27,US,2023-10-19
380,akureyri,65.6835,-18.0878,8.96,57,0,1.03,IS,2023-10-19
381,argo,37.6333,22.7333,18.21,85,95,1.74,GR,2023-10-19
382,sarvar,47.2539,16.9352,11.92,74,80,4.58,HU,2023-10-19
383,salinopolis,-0.6136,-47.3561,27.1,79,32,6.15,BR,2023-10-19
384,aracati,-4.5617,-37.7697,26.4,72,57,6.25,BR,2023-10-19
385,galdar,28.147,-15.6502,21.86,77,35,2.53,ES,2023-10-19
386,buka,40.8108,69.1986,15.81,52,77,0.48,UZ,2023-10-19
387,infanta,14.7425,121.6494,26.65,90,100,5.35,PH,2023-10-19
388,lethbridge,49.7,-112.8186,17.06,42,75,10.29,CA,2023-10-19
389,al jawf,29.5,38.75,17.37,70,0,3.53,SA,2023-10-19
390,weno,7.4515,151.8468,31.97,70,40,4.12,FM,2023-10-19
391,dampit,-8.2116,112.7493,29.89,46,81,2.43,ID,2023-10-19
392,amga,60.8953,131.9608,-3.34,52,100,3.13,RU,2023-10-19
393,qarqaraly,49.4058,75.4742,4.99,65,20,3.16,KZ,2023-10-19
394,islampur,26.2667,88.2,23.12,76,0,1.8,IN,2023-10-19
395,namtsy,62.7161,129.6658,-3.87,78,100,5.54,RU,2023-10-19
396,cabo san lucas,22.8909,-109.9124,29.31,82,75,4.12,MX,2023-10-19
397,menongue,-14.6585,17.691,17.52,29,49,0.38,AO,2023-10-19
398,urzhar,47.093,81.6294,10.89,39,30,1.22,KZ,2023-10-19
399,rossosh',51.1209,38.5116,7.74,60,100,5.4,RU,2023-10-19
400,kruisfontein,-34.0033,24.7314,13.81,94,27,1.41,ZA,2023-10-19
401,tarauaca,-8.1614,-70.7656,25.89,70,45,1.41,BR,2023-10-19
402,agat village,13.3886,144.6585,30.53,80,75,6.17,GU,2023-10-19
403,lesparre-medoc,45.3,-0.9333,19.15,72,100,9.02,FR,2023-10-19
404,yanykurgan,43.915,67.2481,13.34,44,4,3.38,KZ,2023-10-19
405,abraveses,40.6814,-7.921,16.16,95,100,4.85,PT,2023-10-19
406,tara,56.8944,74.371,8.88,74,100,3.58,RU,2023-10-19
407,kavieng,-2.5744,150.7967,28.52,70,82,1.21,PG,2023-10-19
408,antalaha,-14.9003,50.2788,23.87,83,88,0.58,MG,2023-10-19
409,belmonte,-15.8631,-38.8828,23.23,77,74,3.38,BR,2023-10-19
410,huancayo,-12.0667,-75.2333,12.91,67,97,0.56,PE,2023-10-19
411,holualoa,19.6228,-155.9522,25.91,81,40,4.63,US,2023-10-19
412,zhanaozen,43.3,52.8,12.53,51,100,7.09,KZ,2023-10-19
413,biala podlaska,52.0324,23.1165,3.7,73,100,1.84,PL,2023-10-19
414,manicore,-5.8092,-61.3003,28.64,51,52,0.84,BR,2023-10-19
415,ndago,-4.6,34.35,21.29,59,93,3.13,TZ,2023-10-19
416,san andres,12.5847,-81.7006,25.01,100,40,2.06,CO,2023-10-19
417,daru,-9.0763,143.2092,27.23,77,100,5.47,PG,2023-10-19
418,solnechnyy,50.7214,136.6319,5.02,54,1,2.07,RU,2023-10-19
419,kapuskasing,49.4169,-82.4331,9.0,81,100,2.57,CA,2023-10-19
420,greenville,35.6127,-77.3663,13.96,91,100,0.0,US,2023-10-19
421,callaway,30.153,-85.5699,18.3,84,0,2.06,US,2023-10-19
422,basoko,1.2391,23.616,20.61,96,100,1.19,CD,2023-10-19
423,nizhneangarsk,55.7833,109.55,0.0,69,52,4.02,RU,2023-10-19
424,arar,30.9753,41.0381,17.01,39,0,2.57,SA,2023-10-19
425,minbu,20.1833,94.8833,27.45,70,0,0.09,MM,2023-10-19
426,suntar,62.1444,117.6319,-9.36,91,8,2.68,RU,2023-10-19
427,cascais,38.6979,-9.4215,21.39,96,84,10.73,PT,2023-10-19
428,havre,49.5833,0.3333,15.87,82,0,5.14,FR,2023-10-19
429,east london,-33.0153,27.9116,18.42,80,41,4.79,ZA,2023-10-19
430,arkalyk,50.2486,66.9114,3.61,67,81,2.27,KZ,2023-10-19
431,verkhnevilyuysk,63.4453,120.3167,-6.14,81,39,3.58,RU,2023-10-19
432,sassandra,4.95,-6.0833,24.15,95,75,1.78,CI,2023-10-19
433,meadow lakes,61.6247,-149.6011,6.69,59,0,2.06,US,2023-10-19
434,usinsk,65.9939,57.5281,1.71,97,100,5.81,RU,2023-10-19
435,northam,51.0333,-4.2167,17.59,98,56,5.59,GB,2023-10-19
436,kaga bandoro,6.9896,19.1874,21.66,82,100,0.21,CF,2023-10-19
437,kudahuvadhoo,2.6708,72.8944,27.71,74,91,4.23,MV,2023-10-19
438,cafayate,-26.073,-65.9761,17.75,69,7,1.52,AR,2023-10-19
439,areado,-21.3586,-46.1456,20.1,91,5,1.96,BR,2023-10-19
440,labrador city,52.9463,-66.9114,3.95,75,0,3.09,CA,2023-10-19
441,zyryanskoye,56.8306,86.6258,6.91,83,47,2.64,RU,2023-10-19
442,aksu,41.1231,80.2644,11.74,33,100,0.43,CN,2023-10-19
443,sierra grande,-41.606,-65.3557,19.06,19,100,9.83,AR,2023-10-19
444,blagodatnoye,45.3997,42.5867,11.11,80,100,3.04,RU,2023-10-19
445,hakui,36.8833,136.7833,26.25,62,88,6.93,JP,2023-10-19
446,berkane,34.9084,-2.3461,18.82,73,97,1.33,MA,2023-10-19
447,vuktyl,63.8567,57.3094,3.39,87,100,8.05,RU,2023-10-19
448,general jose de san martin,-26.5374,-59.3416,20.76,82,96,2.98,AR,2023-10-19
449,shingu,33.7333,135.9833,23.32,62,80,2.39,JP,2023-10-19
450,mamuju,-2.6748,118.8885,29.23,72,79,1.73,ID,2023-10-19
451,manakara,-22.1333,48.0167,22.49,92,100,3.67,MG,2023-10-19
452,colonia,50.9333,6.95,14.77,90,75,4.63,DE,2023-10-19
453,zhigalovo,54.8097,105.1578,-0.52,96,41,0.89,RU,2023-10-19
454,nadym,65.5333,72.5167,2.16,89,51,5.74,RU,2023-10-19
455,byron bay,-28.65,153.6167,22.06,48,19,5.48,AU,2023-10-19
456,lavrio,37.7145,24.0565,18.74,73,35,3.51,GR,2023-10-19
457,vangaindrano,-23.35,47.6,22.15,95,100,3.06,MG,2023-10-19
458,twon-brass,4.3151,6.2418,27.04,83,100,4.31,NG,2023-10-19
459,brenham,30.1669,-96.3977,22.88,60,0,3.09,US,2023-10-19
460,anloga,5.7947,0.8973,26.32,83,87,2.84,GH,2023-10-19
461,camayenne,9.535,-13.6878,26.9,80,36,1.31,GN,2023-10-19
462,badeggi,9.05,6.15,25.32,83,98,0.26,NG,2023-10-19
463,ubari,26.5921,12.7805,23.48,21,4,5.27,LY,2023-10-19
464,tindouf,27.6711,-8.1474,23.25,25,0,2.57,DZ,2023-10-19
465,dapa,9.7594,126.0531,28.97,68,100,1.84,PH,2023-10-19
466,kyaukse,21.6,96.1333,24.0,94,20,1.03,MM,2023-10-19
467,madang,-5.2246,145.7966,29.98,66,23,3.04,PG,2023-10-19
468,lupon,6.8981,126.0096,31.01,76,100,1.18,PH,2023-10-19
469,colares,38.7992,-9.4469,21.29,96,78,10.73,PT,2023-10-19
470,santa ana,33.7456,-117.8678,28.58,84,100,4.12,US,2023-10-19
471,puerto aysen,-45.4,-72.7,7.96,97,100,2.21,CL,2023-10-19
472,santa ana de yacuma,-13.75,-65.4333,30.25,43,14,1.78,BO,2023-10-19
473,alofi,-19.0595,-169.9187,25.94,53,40,8.75,NU,2023-10-19
474,atbasar,51.8,68.3333,3.72,66,100,3.11,KZ,2023-10-19
475,karabash,55.4808,60.2157,0.78,69,86,5.76,RU,2023-10-19
476,kuta,-8.7233,115.1723,28.97,74,20,5.81,ID,2023-10-19
477,berlin,52.5244,13.4105,7.98,76,0,6.26,DE,2023-10-19
478,brisas de zicatela,15.8369,-97.0419,27.15,75,100,2.78,MX,2023-10-19
479,boca suno,-0.7167,-77.1333,22.91,89,40,0.9,EC,2023-10-19
480,dazhong,33.1997,120.4578,21.73,68,85,3.72,CN,2023-10-19
481,ad dilam,23.9915,47.1627,24.23,34,0,2.2,SA,2023-10-19
482,pisco,-13.7,-76.2167,19.03,88,100,2.57,PE,2023-10-19
483,fiambala,-27.6871,-67.6149,16.98,37,0,2.19,AR,2023-10-19
484,pyhajarvi,67.0701,27.2176,-8.63,97,55,2.01,FI,2023-10-19
485,mokhsogollokh,61.4681,128.9203,-4.87,87,100,4.93,RU,2023-10-19
486,miyako,39.6367,141.9525,20.61,58,100,2.24,JP,2023-10-19
487,hilo,19.7297,-155.09,29.04,76,75,2.57,US,2023-10-19
488,cambria,35.5641,-121.0808,28.41,57,0,1.76,US,2023-10-19
489,yarmouth,41.7057,-70.2286,14.45,89,100,1.54,US,2023-10-19
490,carutapera,-1.195,-46.02,25.81,83,36,3.4,BR,2023-10-19
491,pangody,65.85,74.4859,3.22,92,100,4.51,RU,2023-10-19
492,moquegua,-17.1956,-70.9353,19.07,61,20,0.26,PE,2023-10-19
493,robinson,31.4677,-97.1147,22.0,51,0,4.63,US,2023-10-19
494,port augusta,-32.5,137.7667,31.07,11,2,3.35,AU,2023-10-19
495,hasaki,35.7333,140.8333,25.16,59,86,7.57,JP,2023-10-19
496,malanje,-9.5402,16.341,18.14,94,100,1.86,AO,2023-10-19
497,poronaysk,49.2167,143.1167,11.27,90,100,5.68,RU,2023-10-19
498,sandnessjoen,66.0217,12.6316,-5.71,64,1,5.69,NO,2023-10-19
499,envira,-7.3,-70.2167,25.16,74,7,1.48,BR,2023-10-19
500,kingscliff,-28.2667,153.5667,23.89,41,40,7.72,AU,2023-10-19
501,lompoc,34.6391,-120.4579,22.79,94,0,2.06,US,2023-10-19
502,dhi as sufal,13.8345,44.1147,17.17,72,1,1.14,YE,2023-10-19
503,brookings,44.3114,-96.7984,11.21,84,100,0.45,US,2023-10-19
504,cockburn town,21.4612,-71.1419,29.2,74,37,5.95,TC,2023-10-19
505,susuman,62.7833,148.1667,-13.34,76,100,0.45,RU,2023-10-19
506,tommot,58.9564,126.2925,-2.87,79,100,4.07,RU,2023-10-19
507,eyl,7.9803,49.8164,26.41,82,7,2.36,SO,2023-10-19
508,san agustin de valle fertil,-30.6335,-67.4682,9.34,75,0,2.15,AR,2023-10-19
509,dunedin,-45.8742,170.5036,20.6,44,96,1.74,NZ,2023-10-19
510,adrar,20.5022,-10.0711,28.65,23,0,2.18,MR,2023-10-19
511,manokwari,-0.8667,134.0833,28.66,71,5,2.92,ID,2023-10-19
512,bezhetsk,57.7851,36.6965,2.83,73,81,2.18,RU,2023-10-19
513,brownwood,31.7093,-98.9912,23.62,41,0,5.14,US,2023-10-19
514,lakatoro,-16.0999,167.4164,27.49,75,100,1.5,VU,2023-10-19
515,guiratinga,-16.3494,-53.7583,28.69,31,5,2.41,BR,2023-10-19
516,khandyga,62.6667,135.6,-1.67,91,100,2.26,RU,2023-10-19
517,mufumbwe,-13.6833,24.8,19.33,75,10,1.93,ZM,2023-10-19
518,vernon,50.2581,-119.2691,13.5,89,100,2.57,CA,2023-10-19
519,turtas,58.9417,69.1325,4.28,73,0,4.35,RU,2023-10-19
520,san sebastian de la gomera,28.0916,-17.1133,23.2,78,0,0.51,ES,2023-10-19
521,sarangani,5.4033,125.4636,28.06,75,39,3.45,PH,2023-10-19
522,outjo,-20.1167,16.15,16.94,40,0,3.52,NA,2023-10-19
523,caxito,-8.5785,13.6643,24.91,84,99,1.63,AO,2023-10-19
524,al burayqah,30.4062,19.5739,23.48,40,5,4.37,LY,2023-10-19
525,al mijlad,11.0333,27.7333,26.96,48,24,0.67,SD,2023-10-19
526,iwanai,42.9744,140.5089,15.27,95,100,4.89,JP,2023-10-19
527,shantobe,52.4581,68.1839,2.56,70,84,3.12,KZ,2023-10-19
528,marka,1.7159,44.7717,25.93,87,94,3.59,SO,2023-10-19
529,la ronge,55.1001,-105.2842,10.14,81,100,4.63,CA,2023-10-19
530,qamdo,31.1667,97.2333,-2.25,63,96,1.33,CN,2023-10-19
531,kindu,-2.95,25.95,21.42,99,100,0.95,CD,2023-10-19
532,ismayilli,40.779,48.1638,8.4,82,100,1.39,AZ,2023-10-19
533,glubokoye,50.1456,82.3114,-0.14,93,20,1.0,KZ,2023-10-19
534,port hedland,-20.3167,118.5667,41.03,5,0,4.12,AU,2023-10-19
535,burhanuddin,22.4918,90.7235,26.12,76,0,3.42,BD,2023-10-19
536,paracuru,-3.41,-39.0306,26.73,77,1,4.34,BR,2023-10-19
537,noumea,-22.2763,166.4572,24.99,57,0,4.27,NC,2023-10-19
538,el kala,36.8956,8.4433,17.23,64,19,1.04,DZ,2023-10-19
539,guichen,47.9676,-1.7953,15.73,91,75,8.23,FR,2023-10-19
540,santa terezinha,-29.9002,-50.0904,16.55,78,77,3.55,BR,2023-10-19
541,daleville,31.3102,-85.713,15.93,84,0,2.06,US,2023-10-19
542,broken hill,-31.95,141.4333,27.03,16,0,1.13,AU,2023-10-19
543,ichinohe,40.2069,141.3017,19.29,64,100,4.77,JP,2023-10-19
544,solwezi,-12.1688,26.3894,17.49,86,79,1.27,ZM,2023-10-19
545,darasun,51.6667,114.0,1.52,48,5,4.47,RU,2023-10-19
546,'ain benian,36.8028,2.9219,20.03,64,35,2.35,DZ,2023-10-19
547,saint-joseph,-21.3667,55.6167,24.21,87,61,1.2,RE,2023-10-19
548,sos'va,59.1766,61.8558,5.03,58,97,5.81,RU,2023-10-19
549,sretensk,52.2453,117.7093,2.64,35,13,2.68,RU,2023-10-19
550,sananduva,-27.9497,-51.8067,16.2,98,98,1.92,BR,2023-10-19
551,laascaanood,8.4774,47.3597,22.85,84,17,4.29,SO,2023-10-19
552,freetown,8.484,-13.2299,25.52,86,100,1.06,SL,2023-10-19
553,peniche,39.3558,-9.3811,21.17,96,71,7.93,PT,2023-10-19
